{
    "avg_prec": 0.9605089499156295,
    "roc_auc": 0.9720748688890228
}