{
    "avg_prec": 0.9662011992494035,
    "roc_auc": 0.9758748846547991
}